{
  "IsEncrypted": false,
  "Values": {
    "FUNCTIONS_WORKER_RUNTIME": "python",
    "AzureWebJobsStorage": "UseDevelopmentStorage=true",
    "AzureWebJobs.HttpTrigger1.Disabled": "false",
    "OpenAiKey": "8b08d4ba474545c8a93a09847e7298db",
    "OpenAiApiKey": "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",
    "OpenAiService": "dataaioaics",
    "OpenAiEndPoint": "https://dataaioaics.openai.azure.com/",
    "OpenAiVersion": "2022-12-01",
    "OpenAiDavinci": "davinci",
    "OpenAiEmbedding": "text-embedding-ada-002",
    "MaxTokens": 500,
    "Temperature": 0.3,
    "OpenAiChat": "chat",
    "PineconeKey": "9e8a4f2b-7dd2-43be-bf19-a0183cad3a7c",
    "PineconeEnv": "us-east-1-aws",
    "VsIndexName": "oaiembed",
    "RedisPassword": "P2ssw0rd2903$",
    "RedisAddress": "dataairedis.southcentralus.azurecontainer.io",
    "RedisPort": "6379",
    "OpenAiDocStorName": "dataaiopenaistor",
    "OpenAiDocStorKey": "zG/cJ/Bj+KmoXROlPgsZULpPucE/ibzIaQfxaItDTjtTEqqoyM9EYVdZaGplnxg52ytX+RmquYrp+AStRMdQUQ==",
    "OpenAiDocContainer": "chatpdf",
    "WeaviateUrl": "https://dataaiweaviate.azurewebsites.net/",
    "SearchService":"dataaioaicg",
    "SearchKey":"srVYwTUhgWv23BB6zPprfeAWhcnMaTecIZgNFBCm9eAzSeDZzc79",
    "SecDocContainer": "secdoc"
  },
  "Host": {
    "LocalHttpPort": 7071,
    "CORS": "*",
    "CORSCredentials": false
  }
}
