{
    "IsEncrypted": false,
    "Values": {
      "FUNCTIONS_WORKER_RUNTIME": "python",
      "AzureWebJobsStorage": "UseDevelopmentStorage=true",
      "AzureWebJobs.HttpTrigger1.Disabled": "false",
      "OpenAiKey": "", // Open AI Key
      "OpenAiApiKey": "", // Open AI Key (from openai.com - optional)
      "OpenAiService": "", // Name of Open AI Service
      "OpenAiEndPoint": "", // FQDN of Open AI Service
      "OpenAiVersion": "2022-12-01",
      "OpenAiDavinci": "", // Deployment name of Davinci-003
      "OpenAiEmbedding": "", // Deployment name of Ada-003
      "MaxTokens": 500, 
      "Temperature": 0.3,
      "OpenAiChat": "", // GPT 3.5 deployment name
      "PineconeKey": "", // Pinecone key
      "PineconeEnv": "", // Pinecone Env
      "VsIndexName": "", // Index name
      "RedisPassword": "", // Redis Password
      "RedisAddress": "", // Redis URL
      "RedisPort": "6379",
      "OpenAiDocStorName": "", // Storage name
      "OpenAiDocStorKey": "", // Storage doc
      "OpenAiDocContainer": "", // Storage Container
      "WeaviateUrl": "", // Weavite URL
      "SearchService":"", // Search Service 
      "SearchKey":"", // Search Key
      "SecDocContainer": "" // Storage Container for storing SEC documents
    },
    "Host": {
      "LocalHttpPort": 7071,
      "CORS": "*",
      "CORSCredentials": false
    }
  }
  